Feb 20, 2025 03:36:39.457223000 UTC	10.1.11.101	188.227.16.131	188.227.16.131	/?NjU2Njc0&XvgpsCXaPG&enHhlqGNS=dW5rbm93bg==&Lnk9kZZ5yPdCodegd=wHjQMvXcJwDJFYbGMvrESqNbNknQA0KPxpH2_drVdZqxKGni1Ob5UUSk6F6CEh3&RZwygIO=bG9jYXRlZA==&PbYvEz=cmVwb3J0&rPgtzqNxOpKRauk=bG9jYXRlZA==&dLJsJrSf=cmVwb3J0&WnHagcCS=YXR0YWNrcw==&VGcPMgOip=dW5rbm93bg==&ROPNuSCgYr=c3Rvcm1lZA==&DvQrteTvCL=YXR0YWNrcw==&cQGqMTXMaZpTk=YXR0YWNrcw==&zDkbKjtYx=Y2FwaXRhbA==&IKLWSbTNelp=bG9jYXRlZA==&ZrEyHsWv=bG9jYXRlZA==&wIQkYOReL=cmVwb3J0&kRJjohqWVdrCHg=Y2FwaXRhbA==&rZjJPkkxVWuOXnB=ZGVub21pbmF0aW9ucw==&duTesp=bG9jYXRlZA==&KTfeZwidQchjrQ=ZGVub21pbmF0aW9ucw==&dTFDAz=Y2FwaXRhbA==&gndCZZ5ode3=h9PsrL7BUbgrjixHWfAczmY0IUVwX_v2o3EiByx-ehZ6K_hzZZQ91z6LRVvQ_2w&GEOdmEoltg=c3Rvcm1lZA==&jnFiwoYH=bWlzc2luZw==	Mozilla/5.0 (Windows NT 6.1; WOW64; Trident/7.0; rv:11.0) like Gecko
Feb 20, 2025 03:36:40.441212000 UTC	10.1.11.101	188.227.16.131	188.227.16.131	/?NDM0MzY4&wmnRDJxREzaOS&lXzvVoqqKNfSbsJ=c3Rvcm1lZA==&fMNcdDfHQOLOsIA=YXR0YWNrcw==&cPtQUgq=YXR0YWNrcw==&cEmIdYEXMSBKTx=bWlzc2luZw==&mIFYkLALicosc=YXR0YWNrcw==&CCjZVtXVAx=Y2FwaXRhbA==&kmkqPZqbbNxsk=cmVwb3J0&BpDkXPUvvw=dW5rbm93bg==&onQlzml=dW5rbm93bg==&brhvFFzrPMBgB=Y2FwaXRhbA==&NnEsmOeMzmPOFRX=c3Rvcm1lZA==&MSzIXlvZp=cmVwb3J0&Lnk9kZZ5yPdCodegd=xHjQMrXYbRzFFYTfKPjEUKZEMUrWA0OKwYqZhavVF5qxFDXGpbf1FxnspVmdCFuEmvZvdLEHIweh1UbASwFglI1&WOTIDmq=ZGVub21pbmF0aW9ucw==&uWllttny=ZGVub21pbmF0aW9ucw==&lfIImKyG=Y2FwaXRhbA==&ZfmwFzLWTNnEX=ZGVub21pbmF0aW9ucw==&gndCZZ5ode3=fUFkXpK2njEWBnxWbgpHQ-BDYYgxD-5ecQLdp0VihzbIdcs0uzxKB4GIEyOktW1kZ6A8alarCH6TAnUMtFEYxYQ&VzGgQqfcKJAuqw=Y2FwaXRhbA==&hAELRP=YXR0YWNrcw==&ZlbwwqxAIXDEE=c3Rvcm1lZA==&rKZltDxK=bG9jYXRlZA==&oqtcrLjM=c3Rvcm1lZA==	Mozilla/4.0 (compatible; Win32; WinHttp.WinHttpRequest.5)
Feb 20, 2025 03:36:43.074858000 UTC	10.1.11.101	188.227.16.131	188.227.16.131	/?NDI1MTU1&ITcYfQjgeNABAC&NklExKlGtX=Y2FwaXRhbA==&JkKEuYMhJEfc=dW5rbm93bg==&oWDuYvvXydErdUh=bG9jYXRlZA==&Lnk9kZZ5yPdCodegd=w3jQMvXcJxnQFYbGMv7DSKNbNkvWHViPxouG9MildZuqZGX_k7XDfF-qoVvcCgWRxfU&WmFIPsHWJXWfzkk=dW5rbm93bg==&weOEsrgMiIJQ=cmVwb3J0&SdloJOitf=Y2FwaXRhbA==&XHnzpSNTuaq=cmVwb3J0&nXoURi=YXR0YWNrcw==&QKBHFoECmwC=ZGVub21pbmF0aW9ucw==&TBTPAut=YXR0YWNrcw==&NssKRwpjzjrmqlO=YXR0YWNrcw==&ZmHUTmPoWhhoCCt=dW5rbm93bg==&HuoTtCP=cmVwb3J0&ZdHHTZ=c3Rvcm1lZA==&JmLOMWYBDHMnmg=YXR0YWNrcw==&gndCZZ5ode3=sJbBSOQayhEfULQNmntxYB1wQ8a2n2keHwEKeiZGA9B2OaAkR-6KUHLcy21rFjLRTJvs&dVjnhNLSYs=YXR0YWNrcw==&mzGjIMXGMhDcnD=Y2FwaXRhbA==&DdoyVwFCTKrxdIE=dW5rbm93bg==&JLDMZhrpZvBoeqw=bWlzc2luZw==&fOXZjXq=ZGVub21pbmF0aW9ucw==&UHFUvKsSruvfo=ZGVub21pbmF0aW9ucw==	Mozilla/5.0 (Windows NT 6.1; WOW64; Trident/7.0; rv:11.0) like Gecko
Feb 20, 2025 03:36:44.044921000 UTC	10.1.11.101	188.227.16.131	188.227.16.131	/favicon.ico	Mozilla/5.0 (Windows NT 6.1; WOW64; Trident/7.0; rv:11.0) like Gecko
Feb 20, 2025 03:36:45.768620000 UTC	10.1.11.101	188.227.16.131	188.227.16.131	/?NjI2NjEz&NfxxHc&JQgSNpZ=Y2FwaXRhbA==&hSLtBWI=bG9jYXRlZA==&iQnaneDaD=ZGVub21pbmF0aW9ucw==&AWokMuc=bWlzc2luZw==&sBBbeKCpkxJCF=ZGVub21pbmF0aW9ucw==&bfKtnHufyYzy=bWlzc2luZw==&MRqHsSI=c3Rvcm1lZA==&shWaSQ=Y2FwaXRhbA==&ThVBCaZAAxUS=bWlzc2luZw==&Lnk9kZZ5yPdCodegd=w33QMvXcJxzQFYbGMv_DSKNbNknWHViPxoqG9MildZqqZGX_k7bDfF-qoVjcCgWRxfA&AUuriuEm=cmVwb3J0&PtGcUkKhRfKZmYV=Y2FwaXRhbA==&RdEjNfY=YXR0YWNrcw==&YVKqJYuOz=c3Rvcm1lZA==&gndCZZ5ode3=sJbBSOQayhEfULQNmntxYB18Q8a2n2kSHwEKeiZOA9B2OaA4R-6KWErI-0V7FkrJUc_s&DCiRxBgAQlWMsm=dW5rbm93bg==&ZvSACsrNo=ZGVub21pbmF0aW9ucw==&PbMHfrQSwPb=Y2FwaXRhbA==&JdyMCi=dW5rbm93bg==&CNzAhoZxrJAPvd=cmVwb3J0&IkpjXURo=c3Rvcm1lZA==&XrVPICi=Y2FwaXRhbA==&spcpevWhqgRxXWi=cmVwb3J0	Mozilla/5.0 (compatible; MSIE 10.0; Windows NT 6.1; WOW64; Trident/7.0; SLCC2; .NET CLR 2.0.50727; .NET CLR 3.5.30729; .NET CLR 3.0.30729; Media Center PC 6.0; .NET4.0C; .NET4.0E)
Feb 20, 2025 03:36:45.789215000 UTC	10.1.11.101	188.227.16.131	188.227.16.131	/?MzUwOTA2&HcSOnKnADHnHv&Lnk9kZZ5yPdCodegd=w3vQMvXcJxnQFYbGMvjDSKNbNkvWHViPxo2G9MildZ2qZGX_k7XDfF-qoVncCgWRxfUs&sFqBLJuOiJ=cmVwb3J0&JObqUKU=cmVwb3J0&RUTHzbO=ZGVub21pbmF0aW9ucw==&HwqcMYh=dW5rbm93bg==&qaQNRun=dW5rbm93bg==&TpNkLqypEAViwlG=c3Rvcm1lZA==&zUTYmzoOkYi=cmVwb3J0&anFhEGX=c3Rvcm1lZA==&sbaUAltCvXwow=YXR0YWNrcw==&atPZQByCb=YXR0YWNrcw==&ojTGfglS=bWlzc2luZw==&exnCylzckDTTzQ=bG9jYXRlZA==&EnbFDWqy=dW5rbm93bg==&JKIIRADLhcM=cmVwb3J0&lRYKMt=bWlzc2luZw==&gndCZZ5ode3=JbBSOQCyhEfULQFmntxYB14Q8a2n2kSHwEKeiZSA9B2OaAkR-6KXErIz3V7z_7dJMMgX&KQfktQrw=Y2FwaXRhbA==&ftSdzoi=Y2FwaXRhbA==&ykvxbXWEYeRJ=cmVwb3J0&STGgIDZFfzzZxLz=bG9jYXRlZA==&EXzVvOzVKHrVn=Y2FwaXRhbA==&PEigGVeOJnPXT=cmVwb3J0	Mozilla/5.0 (compatible; MSIE 10.0; Windows NT 6.1; WOW64; Trident/7.0; SLCC2; .NET CLR 2.0.50727; .NET CLR 3.5.30729; .NET CLR 3.0.30729; Media Center PC 6.0; .NET4.0C; .NET4.0E)
Feb 20, 2025 03:37:20.547487000 UTC	10.1.11.101	204.79.197.200	www.bing.com	/	Mozilla/5.0 (Windows NT 6.1; WOW64; Trident/7.0; rv:11.0) like Gecko
Feb 20, 2025 03:37:21.066589000 UTC	10.1.11.101	23.64.167.178	go.microsoft.com	/fwlink/?LinkId=133405	Mozilla/5.0 (Windows NT 6.1; WOW64; Trident/7.0; rv:11.0) like Gecko
Feb 20, 2025 03:37:21.342376000 UTC	10.1.11.101	204.79.197.200	www.bing.com	/	Mozilla/5.0 (Windows NT 6.1; WOW64; Trident/7.0; rv:11.0) like Gecko
Feb 20, 2025 03:37:21.359361000 UTC	10.1.11.101	157.56.148.19	msdn.microsoft.com	/vstudio	Mozilla/5.0 (Windows NT 6.1; WOW64; Trident/7.0; rv:11.0) like Gecko
Feb 20, 2025 03:37:22.152231000 UTC	10.1.11.101	104.236.160.225	saumottam.ru	/	Mozilla/5.0 (Windows NT 6.1; WOW64; Trident/7.0; rv:11.0) like Gecko
Feb 20, 2025 03:37:25.437598000 UTC	10.1.11.101	23.64.167.178	go.microsoft.com	/fwlink/?LinkId=133405	Mozilla/5.0 (Windows NT 6.1; WOW64; Trident/7.0; rv:11.0) like Gecko
Feb 20, 2025 03:37:25.698445000 UTC	10.1.11.101	157.56.148.19	msdn.microsoft.com	/vstudio	Mozilla/5.0 (Windows NT 6.1; WOW64; Trident/7.0; rv:11.0) like Gecko
Feb 20, 2025 03:37:29.460535000 UTC	10.1.11.101	23.64.167.178	go.microsoft.com	/fwlink/?LinkId=164164	Mozilla/5.0 (Windows NT 6.1; WOW64; Trident/7.0; rv:11.0) like Gecko
Feb 20, 2025 03:37:29.737044000 UTC	10.1.11.101	23.76.194.22	www.microsoft.com	/	Mozilla/5.0 (Windows NT 6.1; WOW64; Trident/7.0; rv:11.0) like Gecko
Feb 20, 2025 03:37:29.858531000 UTC	10.1.11.101	23.76.194.22	www.microsoft.com	/en-us/	Mozilla/5.0 (Windows NT 6.1; WOW64; Trident/7.0; rv:11.0) like Gecko
Feb 20, 2025 03:37:34.207037000 UTC	10.1.11.101	23.64.167.178	go.microsoft.com	/fwlink/?LinkId=164164	Mozilla/5.0 (Windows NT 6.1; WOW64; Trident/7.0; rv:11.0) like Gecko
Feb 20, 2025 03:37:34.453836000 UTC	10.1.11.101	23.76.194.22	www.microsoft.com	/	Mozilla/5.0 (Windows NT 6.1; WOW64; Trident/7.0; rv:11.0) like Gecko
Feb 20, 2025 03:37:34.565464000 UTC	10.1.11.101	23.76.194.22	www.microsoft.com	/en-us/	Mozilla/5.0 (Windows NT 6.1; WOW64; Trident/7.0; rv:11.0) like Gecko
Feb 20, 2025 03:37:35.710887000 UTC	10.1.11.101	204.79.197.200	www.bing.com	/	Mozilla/5.0 (Windows NT 6.1; WOW64; Trident/7.0; rv:11.0) like Gecko
Feb 20, 2025 03:37:36.452567000 UTC	10.1.11.101	104.236.160.225	saumottam.ru	/	Mozilla/5.0 (Windows NT 6.1; WOW64; Trident/7.0; rv:11.0) like Gecko
Feb 20, 2025 03:37:38.826623000 UTC	10.1.11.101	104.236.160.225	saumottam.ru	/	Mozilla/5.0 (Windows NT 6.1; WOW64; Trident/7.0; rv:11.0) like Gecko
Feb 20, 2025 03:37:39.559810000 UTC	10.1.11.101	23.64.167.178	go.microsoft.com	/fwlink/?LinkId=164164	Mozilla/5.0 (Windows NT 6.1; WOW64; Trident/7.0; rv:11.0) like Gecko
Feb 20, 2025 03:37:39.821392000 UTC	10.1.11.101	23.76.194.22	www.microsoft.com	/	Mozilla/5.0 (Windows NT 6.1; WOW64; Trident/7.0; rv:11.0) like Gecko
Feb 20, 2025 03:37:39.937353000 UTC	10.1.11.101	23.76.194.22	www.microsoft.com	/en-us/	Mozilla/5.0 (Windows NT 6.1; WOW64; Trident/7.0; rv:11.0) like Gecko
Feb 20, 2025 03:37:43.921765000 UTC	10.1.11.101	23.64.167.178	go.microsoft.com	/fwlink/?LinkId=164164	Mozilla/5.0 (Windows NT 6.1; WOW64; Trident/7.0; rv:11.0) like Gecko
Feb 20, 2025 03:37:44.195002000 UTC	10.1.11.101	23.34.132.22	www.microsoft.com	/	Mozilla/5.0 (Windows NT 6.1; WOW64; Trident/7.0; rv:11.0) like Gecko
Feb 20, 2025 03:37:44.296702000 UTC	10.1.11.101	23.34.132.22	www.microsoft.com	/en-us/	Mozilla/5.0 (Windows NT 6.1; WOW64; Trident/7.0; rv:11.0) like Gecko
Feb 20, 2025 03:37:51.035564000 UTC	10.1.11.101	23.64.167.178	go.microsoft.com	/fwlink/?LinkId=164164	Mozilla/5.0 (Windows NT 6.1; WOW64; Trident/7.0; rv:11.0) like Gecko
Feb 20, 2025 03:37:51.177814000 UTC	10.1.11.101	23.34.132.22	www.microsoft.com	/	Mozilla/5.0 (Windows NT 6.1; WOW64; Trident/7.0; rv:11.0) like Gecko
Feb 20, 2025 03:37:51.281055000 UTC	10.1.11.101	23.34.132.22	www.microsoft.com	/en-us/	Mozilla/5.0 (Windows NT 6.1; WOW64; Trident/7.0; rv:11.0) like Gecko
Feb 20, 2025 03:37:55.231567000 UTC	10.1.11.101	23.64.167.178	go.microsoft.com	/fwlink/?LinkId=146008	Mozilla/5.0 (Windows NT 6.1; WOW64; Trident/7.0; rv:11.0) like Gecko
Feb 20, 2025 03:37:55.370786000 UTC	10.1.11.101	23.34.132.22	www.microsoft.com	/visualstudio/	Mozilla/5.0 (Windows NT 6.1; WOW64; Trident/7.0; rv:11.0) like Gecko
Feb 20, 2025 03:37:55.873438000 UTC	10.1.11.101	23.34.132.22	www.microsoft.com	/visualstudio/eng	Mozilla/5.0 (Windows NT 6.1; WOW64; Trident/7.0; rv:11.0) like Gecko
Feb 20, 2025 03:37:56.561874000 UTC	10.1.11.101	104.92.3.176	www.visualstudio.com	/en-us	Mozilla/5.0 (Windows NT 6.1; WOW64; Trident/7.0; rv:11.0) like Gecko
Feb 20, 2025 03:38:01.452098000 UTC	10.1.11.101	104.236.160.225	saumottam.ru	/	Mozilla/5.0 (Windows NT 6.1; WOW64; Trident/7.0; rv:11.0) like Gecko
Feb 20, 2025 03:38:01.689127000 UTC	10.1.11.101	104.236.16.69	104.236.16.69	/bprocess.exe	Mozilla/5.0 (Windows NT 6.1; WOW64; Trident/7.0; rv:11.0) like Gecko
Feb 20, 2025 03:38:05.300270000 UTC	10.1.11.101	104.236.160.225	saumottam.ru	/	Mozilla/5.0 (Windows NT 6.1; WOW64; Trident/7.0; rv:11.0) like Gecko
